{
  "epochs": [
    1,
    2,
    3
  ],
  "training_loss": [
    1.75,
    1.2249999999999999,
    0.8574999999999998
  ],
  "validation_loss": [
    1.9250000000000003,
    1.3475,
    0.9432499999999999
  ]
}